driverId,name,ssn,location,certified,wage-plan
10,Cindy Gutierrez,126-99-9774,"497 Gordon Lakes
Lesliestad, VT 87618",N,hours
11,Kendra Moore,180-10-1099,"855 Clark Fall Suite 292
Callahanmouth, IN 87331",N,miles
12,Gina Shaw,717-70-6226,"5107 Bruce Shoals Suite 917
West Brentview, VI 53755",N,hours
13,James Pollard,356-24-3083,"8283 Rachel Walk Apt. 950
East Savannah, AL 44339",Y,miles
14,Veronica Lee,272-06-2933,"878 Butler Valleys Suite 509
Jamesville, TN 38860",Y,hours
15,Curtis Marshall,817-69-2253,"9411 Jones Forge Apt. 236
Melissaside, DC 49886",Y,miles
16,Richard Nguyen,408-61-5645,"83473 Porter Road Suite 445
Richardsside, PR 38730",N,hours
17,Brian Armstrong,764-97-0931,"87965 Knox Locks
Steeletown, PW 44576",Y,miles
18,Courtney Ross,200-80-3153,"9100 Sloan Forges
West Jaclynview, MH 38861",N,hours
19,Tyler Malone,203-94-1913,"20247 Herring Estate
Griffinstad, MI 10372",Y,hours
20,Joseph Acosta,898-32-0219,"837 Keith Centers Apt. 730
Adamston, UT 26899",N,hours
21,Matthew Salas,731-68-0751,"44670 Bailey Keys Apt. 413
Victoriaview, MA 81653",N,miles
22,Andrew Hunt,291-85-8377,"USNS Reyes
FPO AE 75664",Y,miles
23,Melissa Coleman,221-63-8624,"3041 Justin Walk
Matthewshire, MH 41238",N,hours
24,Jennifer Clark,718-57-5875,"5366 Suzanne Dam
Jaredport, HI 55474",Y,miles
25,Jennifer Porter,027-43-3501,"495 Olson Oval Suite 461
New Holly, MS 20567",Y,hours
26,Ashley Matthews,360-49-1552,"16191 Pierce Harbors Apt. 195
New Melaniebury, GA 01471",N,miles
27,Tamara Romero,184-85-1056,"90287 Dylan Mountain Suite 053
Woodshaven, WY 09670",N,hours
28,Lori Norton,611-95-2962,"539 Mccormick Cape Suite 746
South Larrymouth, WA 97232",N,miles
29,Monica Rivas MD,015-39-5496,"796 Karen Orchard
Sextonhaven, IL 86946",Y,hours
30,Amanda Reeves,805-04-9843,"Unit 5355 Box 9605
DPO AP 25349",N,hours
31,Lynn Morrison,897-67-9794,"175 Kyle Cape Apt. 721
Garzaburgh, AK 12856",Y,hours
32,Derek Foster,514-96-9011,"750 Williams Lodge Suite 148
Christopherberg, NC 23848",N,hours
33,Thomas Michael,538-38-1934,"Unit 2531 Box 0766
DPO AP 41537",N,miles
34,Latasha Martin,222-97-6155,"080 Susan Crescent Apt. 043
Craigville, AL 83460",N,hours
35,Sean Gomez,663-85-2815,"11268 Mcmahon Lights
New Anthony, MH 06099",Y,hours
36,Ethan Brown,492-57-9499,"Unit 5903 Box 2236
DPO AA 99840",N,hours
37,Jerry Sparks,344-35-8421,"USCGC Larson
FPO AA 27475",N,miles
38,Alejandro Burns,811-43-6589,"4975 Melanie Manors
Seanbury, IL 62390",N,hours
39,Danielle King,736-23-0317,"87870 Casey Terrace
North Robertberg, LA 08289",N,hours
40,Megan Gonzales,589-33-8021,"18772 Mcguire Drive
Bryantfort, FL 27098",N,hours
41,Nicole Mills,310-15-1891,"866 Patricia Harbors
Kerribury, PA 62571",Y,hours
42,Joseph Thompson,577-34-0837,"639 Jonathon Trace Apt. 370
Wallacemouth, NH 39938",N,hours
43,Samantha Hanson,726-84-1094,"Unit 3492 Box 7335
DPO AE 48269",N,hours
44,Elizabeth Martinez,443-93-4936,"5318 Jennifer Knolls Apt. 215
New Devin, CO 73100",N,hours
45,Beth Ruiz,318-68-6413,"18507 Thomas Turnpike Apt. 019
Darinbury, WY 45544",N,miles
46,John Vargas,258-94-1353,"585 Thomas Mall Suite 720
Lake Dwayne, MS 84721",N,hours
47,Kimberly Lee,350-80-0770,"0420 Jorge Spur Apt. 151
North Franciscotown, SD 69617",Y,miles
48,James Martin,567-01-7198,"1745 Horn Divide
East Angelabury, OR 78953",N,miles
49,Robert Dixon,272-88-6052,"1145 Ronald Falls Suite 764
West Mary, OK 02395",Y,miles
50,Deborah Black,833-29-4892,"444 Sullivan Inlet Suite 444
Reidburgh, VA 38899",N,hours
51,Michael Flores,563-05-1529,"USCGC Jefferson
FPO AA 26681",N,hours
52,Angela Cook,721-80-9862,"091 Savage Cape
North Anthony, ND 80520",Y,miles
53,Ryan Hansen,621-35-1038,"2163 Daniel Crescent
Kennedyshire, NV 00590",Y,miles
54,Robert Fisher,136-75-5857,"9933 Barnes Lane
Medinaborough, AZ 43552",N,hours
55,Jonathon Smith,078-68-8650,"41695 Sharp Walks Suite 533
East Stacyshire, MA 87799",Y,miles
56,Kerry Carpenter,826-10-9142,"93516 Valerie River Suite 295
Port Julieburgh, VT 26377",N,miles
57,Maria Floyd,739-65-1972,"Unit 1697 Box 6987
DPO AP 88338",Y,miles
58,Cynthia Anderson,486-23-8466,"34571 Hamilton Street Suite 941
Adamton, DC 84300",Y,hours
59,Joan Sullivan,158-16-6699,"016 Leroy Plaza
North Saraport, MA 95784",N,hours
60,Mark Davenport,220-61-5119,"12250 Murray Parks
Byrdburgh, TN 54080",N,miles
61,Richard Mejia,306-96-1483,"689 Anna Coves
New Karen, KY 39450",Y,hours
62,David Murphy,878-59-7302,"559 Vincent Motorway
New Jeffreymouth, HI 32675",Y,miles
63,Sharon Holt,316-48-9661,"73468 Lynn Trace
West Shane, ND 44021",N,miles
64,Samantha Kent,171-40-7001,"514 Micheal Stream Suite 729
Williamberg, TX 49028",Y,miles
65,Bill Fox,576-79-3477,"USCGC Taylor
FPO AP 40065",N,hours
66,Joseph Warren,715-13-0250,"507 Evans Streets Apt. 244
North Jackhaven, AR 71070",Y,miles
67,Kimberly Blankenship,330-29-2933,"999 Thornton Roads
Bentleyport, NJ 88889",N,hours
68,Gerald Martinez,597-08-6141,"67925 Albert Forges
North Jenniferborough, MA 04977",N,hours
69,David Smith,118-59-7351,"7416 Joshua Fort
Stevechester, FM 42418",N,hours
70,Kathryn Evans,871-16-9139,"6759 Bradley Mission Suite 552
Sabrinaville, WA 16356",Y,miles
71,Michelle Lee,767-93-1709,"297 Nichols Views
Barrerahaven, MS 75768",N,miles
72,Katrina Perez,556-14-1331,"351 Michael Springs
Judithside, FL 03647",N,miles
73,Vincent Juarez,211-82-8483,"171 Robertson Ports Apt. 046
Adamston, WA 33435",N,hours
74,Diane Johnson,062-37-7935,"PSC 4929, Box 5197
APO AP 57276",Y,hours
75,Melissa Nunez,743-72-7358,"739 Nguyen Falls Suite 212
Donovanview, FL 04825",N,miles
76,Jennifer Giles,498-47-4633,"9895 Sean Light Suite 825
Waltershire, AZ 70517",Y,hours
77,Karen Peterson,809-03-0197,"62905 Clark Ways Suite 638
South Ronaldfort, RI 54247",Y,miles
78,Wanda Clay,629-45-9383,"850 Smith Prairie
Lisastad, KS 33628",Y,miles
79,Colleen Russell,047-62-3086,"36255 Randall Estate Apt. 057
South Lisa, MD 92315",N,hours
80,John Smith,453-62-4899,"064 Jordan Village
North Tonyfurt, SC 46553",Y,hours
81,Stephanie Wilson,851-12-9799,"58566 Smith Roads
Melissaland, CT 09112",N,hours
82,Mr. Johnny James,727-76-4410,"4687 Christopher Groves Apt. 459
Danielchester, RI 10248",N,miles
83,Cynthia Stewart,216-85-5590,"635 Jeffrey Station
North Linda, WA 87830",Y,miles
84,Rachel Vargas,179-21-9213,"7952 Alyssa Plains
Port Dan, NV 58790",N,hours
85,Gregory Davis,781-10-8108,"362 Farmer Harbors Apt. 573
New Zacharyton, MD 99562",N,hours
86,Melinda Lane,457-01-9344,"9482 Brewer Drive Suite 764
Jeremyside, OR 34752",Y,miles
87,Elizabeth Davis,478-43-5030,"610 Tony Haven
Kristinamouth, ND 96205",N,miles
88,Leslie Richardson,836-16-4490,"22572 Jeffrey Dale
North Paul, ID 83672",N,hours
89,Jonathan Pugh,186-74-1495,"98668 Melinda Loop Suite 960
Leberg, CT 54610",Y,miles
90,Brian Arellano,565-11-7827,"2682 James Summit Suite 570
Port Tiffany, OR 64785",Y,miles
91,Emma Molina,478-89-6232,"7102 Jacqueline Square Suite 166
Josephstad, IL 72757",N,miles
92,Keith Watson DVM,580-01-5766,"01223 Woodard Mill
Port Joshua, MA 35090",Y,hours
93,Paul Evans,170-22-0888,"48312 Christopher Mission
Smithport, MO 29518",N,hours
94,Gordon Hughes,857-65-7638,"43481 King Passage
South Charlene, KY 18949",N,miles
95,Kelly Butler,337-46-3513,"88515 Stephanie Greens Suite 029
South Hannah, OK 62532",N,miles
96,Nicole Wilkerson,843-61-2579,"157 Kayla Burg
Alexisshire, NM 36528",Y,hours
97,Anthony Pacheco,245-31-1083,"USCGC Lee
FPO AA 25872",Y,miles
98,Stephanie Rodgers,483-61-7221,"3412 Robert Lights Suite 010
Port Kirkfurt, IA 34857",Y,hours
99,Charles Ramos,210-12-4690,"43025 Glenda Vista Suite 046
Sandramouth, ID 64796",Y,hours
100,Miss Diane Glover,171-95-2024,"986 Martin Streets Suite 832
Josephchester, VA 08170",Y,hours
101,Erin Moss,459-10-8278,"USCGC Bowen
FPO AE 42445",Y,miles
102,Susan Cervantes,147-41-0759,"9205 Woodward Drive Apt. 737
Smithhaven, NM 55472",Y,hours
103,Jonathan Clark,646-38-3202,"1269 Anita Ridges
Anthonyview, OH 90096",N,miles
104,Carol Flores,007-97-8154,"0477 Watson Harbor Suite 441
Matthewtown, DC 08330",Y,miles
105,Holly Galloway,695-26-3542,"8866 Andersen Mission
North Toni, NH 51784",Y,miles
106,Candice Zuniga,136-50-1814,"USNS Parker
FPO AE 88984",Y,miles
107,Danielle Harrington,444-24-8214,"621 Michelle Neck
South Eric, WV 91413",Y,miles
108,Christian Allen,312-45-8539,"9043 Nicholas Hills
Lake Jessicaview, KY 64085",Y,hours
109,Brian Stanley,745-86-7592,"388 Robert Fields Apt. 119
Hartmouth, MP 84883",N,miles
